Title,Date,Link
A People’s Obituary of Henry Kissinger,"Nov 29, 2023",https://www.thenation.com/article/world/henry-kissinger-obituary/,https://www.thenation.com/wp-content/uploads/2023/11/kissinger-getty.jpg
Cormac McCarthy’s Unforgiving Parables of American Empire,"Jun 21, 2023",https://www.thenation.com/article/culture/cormac-mccarthy-obit-melville/,https://www.thenation.com/wp-content/uploads/2023/06/Cormac_McCarthy_Child_of_God_author_portrait-132kb.jpg
"Henry Kissinger, War Criminal—Still at Large at 100","May 15, 2023",https://www.thenation.com/article/world/kissinger-100-crimes-watergate/,https://www.thenation.com/wp-content/uploads/2023/05/BRODNER-Kissinger-100i-ftr.jpg
"In Ecuador, a Presidential Election With Global Reach","Apr 9, 2021",https://www.thenation.com/article/world/ecuador-election-2021/,https://www.thenation.com/wp-content/uploads/2021/04/AP21086670760730-e1617975786299.jpg
"Slavery, and American Racism, Were Born in Genocide","Jan 20, 2020",https://www.thenation.com/article/society/slavery-american-genocide-racism/,https://www.thenation.com/wp-content/uploads/2020/01/trail-tears-robert-lindneux-cc-img.jpg
What ‘The New York Times’ Got Wrong on Bolivia,"Dec 18, 2019",https://www.thenation.com/article/archive/bolivia-times-morales-coup/,https://www.thenation.com/wp-content/uploads/2019/11/bolivia-protests-2019-ap-img.jpg
There’s One Heresy That Sets Bernie Apart From All Other Dem Contenders to Unseat Trump,"Jul 16, 2019",https://www.thenation.com/article/archive/bernie-sanders-american-exceptionalism/,https://www.thenation.com/wp-content/uploads/2019/07/Grandin-Bernie-FDR_img.jpg
Trump Is Fetishizing Death to Justify His Cruelty at the Border,"Mar 5, 2019",https://www.thenation.com/article/archive/trump-death-cruelty-border-patrol-immigration/,https://www.thenation.com/wp-content/uploads/2018/11/migrants-asylum-tijuana-rtr-img.jpg
How the Failure of Our Foreign Wars Fueled Nativist Fanaticism,"Feb 21, 2019",https://www.thenation.com/article/archive/nativism-empire-blowback-trump/,https://www.thenation.com/wp-content/uploads/2019/02/Grandin-AbuGhraib_img.jpg
"Bret Stephens, the ‘Times,’ and Fearmongering Over Venezuela","Jan 29, 2019",https://www.thenation.com/article/archive/venezuela-bret-stephens-socialism-the-times-and-fear-mongering/,https://www.thenation.com/wp-content/uploads/2019/01/rubio-venezuela-press-rtr-img.jpg
How the Right Is Using Venezuela to Reorder Politics,"Jan 25, 2019",https://www.thenation.com/article/archive/venezuela-trump-right-foreign-politics/,https://www.thenation.com/wp-content/uploads/2019/01/venezuela-crisis-2019-ap-img.jpg
Washington Trained Guatemala’s Killers for Decades,"Jan 25, 2019",https://www.thenation.com/article/archive/border-patrol-guatemala-dictatorship/,https://www.thenation.com/wp-content/uploads/2019/01/grandin-guatemala-killers-rtr_img.jpg
The Militarization of the Southern Border Is a Long-Standing American Tradition,"Jan 14, 2019",https://www.thenation.com/article/archive/the-militarization-of-the-southern-border-is-a-long-standing-american-tradition/,https://www.thenation.com/wp-content/uploads/2016/09/US_Mexico_Border_ap_img.jpg
Washington Trained Guatemala’s Mass Murderers—and the Border Patrol Played a Role,"Jan 3, 2019",https://www.thenation.com/article/archive/border-patrol-refugees-guatemala-cia-war-crimes/,https://www.thenation.com/wp-content/uploads/2019/01/catarina-alonzo-crying-rtr-img.jpg
Who Killed Jakelin Caal Maquín at the US Border?,"Dec 17, 2018",https://www.thenation.com/article/archive/guatemala-refugee-crisis-jakelin-caal-maquin/,https://www.thenation.com/wp-content/uploads/2018/12/jakelin-caal-maquín-rally-rtr-img.jpg
"George H.W. Bush, Icon of the WASP Establishment—and of Brutal US Repression in the Third World","Dec 4, 2018",https://www.thenation.com/article/archive/george-h-w-bush-icon-of-the-wasp-establishment-and-of-brutal-us-repression-in-the-third-world/,https://www.thenation.com/wp-content/uploads/2018/12/george-hw-bush-cia-swearing-ap-img.jpg
Brazil’s Bolsonaro Has Supercharged Right-Wing Cultural Politics,"Oct 29, 2018",https://www.thenation.com/article/archive/brazil-bolsonaro-fascism-right-wing-cultural-politics/,https://www.thenation.com/wp-content/uploads/2018/10/bolsonaro-crowd-brazil-rtr-img.jpg
Joseph Conrad and the Dawn of Globalization,"May 3, 2018",https://www.thenation.com/article/archive/joseph-conrad-and-the-dawn-of-globalization/,https://www.thenation.com/wp-content/uploads/2018/05/Grandin_Conrad.jpg
The Death Cult of Trumpism,"Jan 11, 2018",https://www.thenation.com/article/archive/the-death-cult-of-trumpism/,https://www.thenation.com/wp-content/uploads/2018/01/Grandin-KKK_img.jpg
"Will Last Year’s Peace Treaty Survive, or Is the Past Prologue in Colombia?","Jun 22, 2017",https://www.thenation.com/article/archive/will-last-years-peace-treaty-survive-or-is-the-past-prologue-in-colombia/,https://www.thenation.com/wp-content/uploads/2017/06/colombia-peace-ap-img.jpg
A Brutal Expulsion in Guatemala Shows How Neoliberalism Gets Greenwashed,"Jun 8, 2017",https://www.thenation.com/article/archive/a-brutal-expulsion-in-guatemala-shows-how-neoliberalism-gets-greenwashed/,https://www.thenation.com/wp-content/uploads/2017/06/Mexico-Guatemala-border-rtr-img.jpg
How the 1989 War on Manuel Noriega’s Panama Super-Charged US Militarism,"May 30, 2017",https://www.thenation.com/article/archive/1989-war-panama-super-charged-us-militarism/,https://www.thenation.com/wp-content/uploads/2017/05/US-Panamanian-patrol-elchorrillo-ap-img.jpg
Burning Man in Venezuela,"May 26, 2017",https://www.thenation.com/article/archive/burning-man-venezuela/,https://www.thenation.com/wp-content/uploads/2017/05/orlando-figuera-zaragosa-rtr-img.jpg
What Kissinger Can Teach Trump about Surviving an Impeachment,"May 11, 2017",https://www.thenation.com/article/archive/what-kissinger-can-teach-trump-about-surviving-an-impeachment/,https://www.thenation.com/wp-content/uploads/2017/05/trump-kissinger-ap-img.jpg
Mexico’s ‘Drug War’ Is Really a War Against Journalists—Waged by the Government,"May 10, 2017",https://www.thenation.com/article/archive/mexicos-drug-war-is-really-a-war-against-journalists-waged-by-the-government/,https://www.thenation.com/wp-content/uploads/2017/05/mexico-journalist-slain-ap-img.jpg
"Letters From the May 22/29, 2017, Issue","May 4, 2017",https://www.thenation.com/article/archive/letters-from-the-may-2229-2017-issue/,https://www.thenation.com/wp-content/uploads/2015/05/letters_icon_img.jpg
What Is to Be Done in Venezuela?,"May 1, 2017",https://www.thenation.com/article/archive/what-is-to-be-done-in-venezuela/,https://www.thenation.com/wp-content/uploads/2017/05/medic-volunteers-venezuela-rtr-img.jpg
The Real Targets of Trump’s Strike Were His Domestic Critics,"Apr 7, 2017",https://www.thenation.com/article/archive/six-thoughts-on-the-us-bombing-of-syria/,https://www.thenation.com/wp-content/uploads/2017/04/donald-trump-syria-bombing-rtr-img.jpg
Obsession With the Russia Connection Is a High-Risk Anti-Trump Strategy,"Apr 6, 2017",https://www.thenation.com/article/archive/obsession-with-the-russia-connection-is-a-high-risk-anti-trump-strategy/,https://www.thenation.com/wp-content/uploads/2017/04/rachel-maddow-russia-img.jpg
Why Those Spring Breakers Chanted ‘Build That Wall’,"Mar 21, 2017",https://www.thenation.com/article/archive/why-those-spring-breakers-chanted-build-that-wall/,https://www.thenation.com/wp-content/uploads/2017/03/american_machismo_rtr_img.jpg
Lenin Lives! (in Latin America),"Mar 17, 2017",https://www.thenation.com/article/archive/lenin-lives-in-latin-america/,https://www.thenation.com/wp-content/uploads/2017/03/lenin_moreno_ap_img-1.jpg
About Those Islamist Sleeper Cells in South America…,"Mar 6, 2017",https://www.thenation.com/article/archive/about-those-islamist-sleeper-cells-in-south-america/,https://www.thenation.com/wp-content/uploads/2017/03/ciudad_del_este_img_rtr.jpg
What Is the Deep State?,"Feb 17, 2017",https://www.thenation.com/article/archive/what-is-the-deep-state/,https://www.thenation.com/wp-content/uploads/2016/08/NSA_headquarters_ap_img.jpg
About That Kissinger Quote Neil Gorsuch Likes…,"Feb 3, 2017",https://www.thenation.com/article/archive/about-that-kissinger-quote-neil-gorsuch-likes/,https://www.thenation.com/wp-content/uploads/2017/02/gorsuch_columbia_1988_img.jpg
Don’t Expect Mexico’s Elites to Stand Up to Trump,"Jan 25, 2017",https://www.thenation.com/article/archive/dont-expect-mexicos-elites-to-stand-up-to-trump/,https://www.thenation.com/wp-content/uploads/2017/01/trump_penanieto_flag_rtr_img.jpg
Chelsea Manning Will Be Free!,"Jan 17, 2017",https://www.thenation.com/article/archive/chelsea-manning-will-be-free/,https://www.thenation.com/wp-content/uploads/2015/05/chelsea_manning_img.jpg
"Why Did the US Drop 26,171 Bombs on the World Last Year?","Jan 15, 2017",https://www.thenation.com/article/archive/why-did-the-us-dropped-26171-bombs-on-the-world-last-year/,https://www.thenation.com/wp-content/uploads/2017/01/Iraq_MosulHospital_ap_img.jpg
Will the Trump Administration Approve a Military Deal Between Honduras and Israel?,"Jan 5, 2017",https://www.thenation.com/article/archive/will-the-trump-administration-approve-a-military-deal-between-honduras-and-israel/,https://www.thenation.com/wp-content/uploads/2017/01/honduras_military_police_rtr_img.jpg
Christmas in Caracas? Worse Than the Grinch!,"Dec 16, 2016",https://www.thenation.com/article/archive/christmas-in-caracas-worse-than-the-grinch/,https://www.thenation.com/wp-content/uploads/2016/12/Santa-Claus_Caracas_2016_ap_img.jpg
Mad Men: Trump May Be the Perfect Vehicle for Kissinger’s Philosophy,"Dec 8, 2016",https://www.thenation.com/article/archive/mad-men-trump-may-be-the-perfect-vehicle-for-kissingers-philosophy/,https://www.thenation.com/wp-content/uploads/2016/12/Kissinger_China_2016_ap_img.jpg
The Strange Career of American Exceptionalism,"Dec 6, 2016",https://www.thenation.com/article/world/the-strange-career-of-american-exceptionalism/,https://www.thenation.com/wp-content/uploads/2016/12/Grandin-ObamaOpener-Tim-Robinson_img.jpg
"Fidel Castro, 1926–2016","Nov 26, 2016",https://www.thenation.com/article/archive/fidel-castro-1926-2016/,https://www.thenation.com/wp-content/uploads/2016/11/Fidel_Castro_1975_rtr_img.jpg
How Obama’s Normalization of the Brazil Coup Prefigured Trumpism,"Nov 22, 2016",https://www.thenation.com/article/archive/how-obamas-normalization-of-the-brazil-coup-prefigured-trumpism/,https://www.thenation.com/wp-content/uploads/2016/09/Brazil_coup_protest_AP_img.jpg
Giving Peace a Second Chance in Colombia,"Nov 14, 2016",https://www.thenation.com/article/archive/giving-peace-a-second-chance-in-colombia/,https://www.thenation.com/wp-content/uploads/2016/11/Colombia_Peace-Rally_2016_ap_img.jpg
How ‘The New York Times’ Whitewashed the 1968 ‘October Surprise’—and Why It Still Matters,"Nov 2, 2016",https://www.thenation.com/article/archive/how-the-new-york-times-whitewashed-the-1968-october-surprise-and-why-it-still-matters/,https://www.thenation.com/wp-content/uploads/2016/11/Nixon-Kissinger_Paris-Accords_2016_ap_img.jpg
Iran/Contra Was the Prototype for Post-Vietnam Imperial Adventure,"Oct 25, 2016",https://www.thenation.com/article/archive/iran-contra-was-the-prototype-for-post-vietnam-imperial-adventure/,https://www.thenation.com/wp-content/uploads/2016/10/Hassenfus_Sandistas_1986_rtr_img.jpg
Should Colombian President Santos Decline the Nobel Peace Prize?,"Oct 7, 2016",https://www.thenation.com/article/archive/should-colombian-president-santos-decline-the-nobel-peace-prize/,https://www.thenation.com/wp-content/uploads/2016/10/Colombia_referendum_flag_2016_ap_img.jpg
Did Human Rights Watch Sabotage Colombia’s Peace Agreement?,"Oct 3, 2016",https://www.thenation.com/article/archive/did-human-rights-watch-sabotage-colombias-peace-agreement/,https://www.thenation.com/wp-content/uploads/2016/10/Colombia_Referendum_2016_ap_img.jpg
"After Years of Stoking Colombia’s Civil War, Washington Is Now Trying to Hijack the Peace Deal","Sep 26, 2016",https://www.thenation.com/article/archive/after-years-of-stoking-colombias-civil-war-washington-is-now-trying-to-hijack-the-peace-deal/,https://www.thenation.com/wp-content/uploads/2016/09/Obama_Santos_2016_rtr_img.jpg
Violence Continues in Colombia as the Peace Accords Advance,"Sep 15, 2016",https://www.thenation.com/article/archive/violence-continues-in-colombia-as-peace-accords-advance/,https://www.thenation.com/wp-content/uploads/2016/09/Colombia_disappeared_2016_rtr_img.jpg
The Free-Marketeers Take Over in Brazil—and the US Applauds,"Sep 8, 2016",https://www.thenation.com/article/archive/the-free-marketeers-take-over-in-brazil-and-the-us-applauds/,https://www.thenation.com/wp-content/uploads/2016/09/temer_and_cabinet_ap_img.jpg
Mexicans Scorn Trump’s Visit—And Peña Nieto for Having Invited Him,"Aug 31, 2016",https://www.thenation.com/article/archive/trump-goes-to-mexico/,https://www.thenation.com/wp-content/uploads/2016/08/Trump_pinata_TJ_2016_ap_img.jpg
"The First E-mail Scandal, Long Before Hillary Clinton: Iran/Contra","Aug 25, 2016",https://www.thenation.com/article/archive/the-first-email-scandal-long-before-hillary-clinton-iran-contra/,https://www.thenation.com/wp-content/uploads/2016/08/Oliver_North_91_ap_img.jpg
Hillary Clinton’s Embrace of Kissinger Is Inexcusable,"Aug 9, 2016",https://www.thenation.com/article/archive/hillary-clintons-embrace-of-kissinger-is-inexcusable/,https://www.thenation.com/wp-content/uploads/2016/08/Hillary_Kissinger_AP_img.jpg
"Eat, Pray, Starve: What Tim Kaine Didn’t Learn During His Time in Honduras","Jul 27, 2016",https://www.thenation.com/article/archive/eat-pray-starve-what-tim-kaine-didnt-learn-during-his-time-in-honduras/,https://www.thenation.com/wp-content/uploads/2016/07/tim_kaine_vp_ap_img.jpg
There’s Nothing Un-American About Donald Trump,"Jul 22, 2016",https://www.thenation.com/article/archive/theres-nothing-un-american-about-donald-trump/,https://www.thenation.com/wp-content/uploads/2016/07/Trump_America_RNC_2016_ap_img.jpg
Peru’s Elections May Signal What’s Ahead for the United States in November,"Jul 18, 2016",https://www.thenation.com/article/archive/perus-elections-may-signal-whats-ahead-for-the-united-states-in-november/,https://www.thenation.com/wp-content/uploads/2016/07/Peru_PPK_2016_ap_img.jpg
"Donald Trump’s Praise of Saddam Hussein, in Context","Jul 6, 2016",https://www.thenation.com/article/archive/donald-trumps-praise-of-saddam-hussein-in-context/,https://www.thenation.com/wp-content/uploads/2016/07/trump_raleigh_ap_img.jpg
War Is Over in Colombia,"Jun 24, 2016",https://www.thenation.com/article/archive/war-is-over-in-colombia/,https://www.thenation.com/wp-content/uploads/2016/06/colombia_peace_ap_img.jpg
How Not to Study Donald Trump,"Jun 22, 2016",https://www.thenation.com/article/archive/how-not-to-study-donald-trump/,https://www.thenation.com/wp-content/uploads/2016/06/Trump_Acela_primary_rtr_img.jpg
"Why Trump Now? It’s the Empire, Stupid","Jun 9, 2016",https://www.thenation.com/article/archive/why-trump-now-its-the-empire-stupid/,https://www.thenation.com/wp-content/uploads/2016/06/trump_fascist_rtr_img1.jpg
"Still Selling Neoliberal Unicorns: The US Applauds the Coup in Brazil, Calls It Democracy","May 27, 2016",https://www.thenation.com/article/archive/still-selling-neoliberal-unicorns-us-applauds-coup-in-brazil-calls-it-democracy/,https://www.thenation.com/wp-content/uploads/2016/05/brazil_impeachment_protest_ap_img.jpg
When Donald Met Henry,"May 19, 2016",https://www.thenation.com/article/archive/when-donald-met-henry/,https://www.thenation.com/wp-content/uploads/2016/05/trump_kissinger_ap_img.jpg
The Obama Administration Just Granted Henry Kissinger a Distinguished Public Service Award,"May 10, 2016",https://www.thenation.com/article/archive/the-obama-administration-just-granted-henry-kissinger-a-distinguished-public-service-award/,https://www.thenation.com/wp-content/uploads/2016/05/Kissinger_Carter_award_otu_img.jpg
Berta Cáceres’s Killers Are Getting Good at the PR Game,"May 3, 2016",https://www.thenation.com/article/archive/arrests-in-the-murder-of-berta-caceres-expose-links-to-the-honduran-company-she-protested/,https://www.thenation.com/wp-content/uploads/2016/05/protesters_caceres_ap_img.jpg
A Slavers’ Coup in Brazil?,"Apr 27, 2016",https://www.thenation.com/article/archive/a-slavers-coup-in-brazil/,https://www.thenation.com/wp-content/uploads/2016/04/brazil_impeachment_protest_ap_img.jpg
A Voter’s Guide to Hillary Clinton’s Policies in Latin America,"Apr 15, 2016",https://www.thenation.com/article/archive/a-voters-guide-to-hillary-clintons-policies-in-latin-america/,https://www.thenation.com/wp-content/uploads/2016/04/Protest_Mexico_Chilpancingo_rtr_img.jpg
The Panama Papers Are Only the Beginning,"Apr 5, 2016",https://www.thenation.com/article/archive/the-panama-papers-are-only-the-beginning/,https://www.thenation.com/wp-content/uploads/2016/04/gunnlaugsson_panama_papers_ap_img.jpg
Millennials Are Taking to the Streets to Defend Democracy in Brazil,"Mar 22, 2016",https://www.thenation.com/article/archive/millennials-are-taking-to-the-streets-to-defend-democracy-in-brazil/,https://www.thenation.com/wp-content/uploads/2016/03/pro_lula_protestors_ap_img.jpg
"As the United States Votes, Honduras Kills","Mar 16, 2016",https://www.thenation.com/article/archive/as-the-united-states-votes-honduras-kills/,https://www.thenation.com/wp-content/uploads/2016/03/copinh_cc_img1.jpg
"Before Her Murder, Berta Cáceres Singled Out Hillary Clinton for Criticism","Mar 10, 2016",https://www.thenation.com/article/archive/chronicle-of-a-honduran-assassination-foretold/,https://www.thenation.com/wp-content/uploads/2016/03/berta_caceres_mourners_ap_img.jpg
The Clinton Email Bernie Sanders Should Bring Up in Sunday’s Debate,"Mar 4, 2016",https://www.thenation.com/article/archive/the-clinton-email-bernie-sanders-should-bring-up-in-sundays-debate/,https://www.thenation.com/wp-content/uploads/2016/03/democratic_debate_2016_clinton_sanders_ap_img.jpg
The Clinton-Backed Honduran Regime Is Picking Off Indigenous Leaders,"Mar 3, 2016",https://www.thenation.com/article/archive/the-clinton-backed-honduran-regime-is-picking-off-indigenous-leaders/,https://www.thenation.com/wp-content/uploads/2016/03/Berta_Caceres_otu_img.jpg
Bernie Sanders Is Confronting America’s Foreign Policy Amnesia Head-On,"Feb 29, 2016",https://www.thenation.com/article/archive/bernie-sanders-is-confronting-americas-foreign-policy-amnesia-head-on/,https://www.thenation.com/wp-content/uploads/2016/02/bernie_sanders_ap_img.jpg
"Henry Kissinger, Hillary Clinton’s Tutor in War and Peace","Feb 5, 2016",https://www.thenation.com/article/archive/henry-kissinger-hillary-clintons-tutor-in-war-and-peace/,https://www.thenation.com/wp-content/uploads/2016/02/Hillary_Kissinger_AP_img.jpg
Zika Is Circling Cuba. What Will Happen When It Lands?,"Feb 2, 2016",https://www.thenation.com/article/archive/zika-is-circling-cuba-what-will-happen-when-it-lands/,https://www.thenation.com/wp-content/uploads/2016/02/elsalvador_zika_fumigate_ap_img.jpg
"Sure, Washington Has Always Supported Democracy in Haiti","Jan 26, 2016",https://www.thenation.com/article/archive/sure-washington-has-always-supported-democracy-in-haiti/,https://www.thenation.com/wp-content/uploads/2016/01/haiti_election_demonstrators_ap_img.jpg
Here’s Why the US Is Stepping Up the Deportation of Central Americans,"Jan 21, 2016",https://www.thenation.com/article/archive/heres-why-the-us-is-stepping-up-the-deportation-of-central-americans/,https://www.thenation.com/wp-content/uploads/2016/01/protest_obama_immigration_raids_ap_img.jpg
Israel’s Settler Diplomacy Has Apparently Failed in Brazil,"Jan 11, 2016",https://www.thenation.com/article/archive/israels-settler-diplomacy-has-apparently-failed-in-brazil/,https://www.thenation.com/wp-content/uploads/2016/01/benjamin_netanyahu_flag_ap_img.jpg
The Genocidal Unconscious of American Sports’ Naming Practices,"Jan 4, 2016",https://www.thenation.com/article/archive/the-genocidal-unconscious-of-american-sports-naming-practices/,https://www.thenation.com/wp-content/uploads/2016/01/texas_rangers_memorabilia_ap_img.jpg
Is This the End of the Latin American Left?,"Dec 7, 2015",https://www.thenation.com/article/archive/is-this-the-end-of-the-latin-american-left/,https://www.thenation.com/wp-content/uploads/2015/12/Venezuela_elections_mural_ap_img.jpg
Ben Carson Isn’t the Only US Politician With a Hand in Shady Latin American Dealings,"Nov 25, 2015",https://www.thenation.com/article/archive/ben-carson-isnt-the-only-us-politician-with-a-hand-in-shady-latin-american-dealings/,https://www.thenation.com/wp-content/uploads/2015/04/hillary_clinton_2014_ap_img_3.jpg
Don’t Be So Quick to Defend Woodrow Wilson,"Nov 24, 2015",https://www.thenation.com/article/archive/dont-be-so-quick-to-defend-woodrow-wilson/,https://www.thenation.com/wp-content/uploads/2015/11/woodrow_wilson_cc_img.jpg
"The United States Didn’t Just Help Topple Allende—We Trained the Economists, Too","Nov 16, 2015",https://www.thenation.com/article/archive/the-united-states-didnt-just-help-topple-allende-we-trained-the-economists-too/,https://www.thenation.com/wp-content/uploads/2015/11/Chicago_Boys_otu_img.jpg
Diplomacy by Air Strike Is an All-American Tradition,"Nov 9, 2015",https://www.thenation.com/article/archive/diplomacy-by-air-strike-is-an-all-american-tradition/,https://www.thenation.com/wp-content/uploads/2015/11/drone_ap_img.jpg
Ending Colombia’s 100-Year War,"Oct 27, 2015",https://www.thenation.com/article/archive/ending-colombias-hundred-year-war/,https://www.thenation.com/wp-content/uploads/2015/10/Colombia_peace_talks_rtr_img.jpg
Junot Díaz Just Lost an Award for Speaking Out Against the Dominican Republic’s Anti-Haitian Pogrom,"Oct 26, 2015",https://www.thenation.com/article/archive/junot-diaz-just-lost-an-award-for-speaking-out-against-the-dominican-republics-anti-haitian-pogrom/,https://www.thenation.com/wp-content/uploads/2015/10/junot_diaz_ap_img.jpg
Will the Economic Policies of Argentina’s President Survive Sunday’s Elections?,"Oct 19, 2015",https://www.thenation.com/article/archive/why-argentinas-president-fernandez-is-still-so-popular-and-why-the-elite-hate-her/,https://www.thenation.com/wp-content/uploads/2015/10/kichner_elections_argentina_ap_img.jpg
"Letters From the November 2, 2015, Issue","Oct 15, 2015",https://www.thenation.com/article/archive/letters-from-the-november-2-2015-issue/,https://www.thenation.com/wp-content/uploads/2015/05/letters_icon_img.jpg
‘Look for Hospitals as Targets’,"Oct 5, 2015",https://www.thenation.com/article/archive/look-for-hospitals-as-targets/,https://www.thenation.com/wp-content/uploads/2015/10/soldiers_rtr_img1.jpg
There’s No Conflict of Interest in the ‘New York Times’  Review of Kissinger’s Biography,"Oct 2, 2015",https://www.thenation.com/article/archive/theres-no-conflict-of-interest-in-the-nyts-review-of-kissingers-biography/,https://www.thenation.com/wp-content/uploads/2015/07/Kissinger_henry_rtr_img.jpg
How One Man Laid the Groundwork for Today’s Crisis in the Middle East,"Sep 28, 2015",https://www.thenation.com/article/archive/how-one-man-laid-the-groundwork-for-todays-crisis-in-the-middle-east/,https://www.thenation.com/wp-content/uploads/2015/09/Kissinger_1968_ap_img.jpg
"In Cuba, Pope Francis and Fidel Castro Baptize a New Era","Sep 21, 2015",https://www.thenation.com/article/archive/in-cuba-pope-francis-and-fidel-castro-baptize-a-new-era/,https://www.thenation.com/wp-content/uploads/2015/09/pope_and_fidel_rtr_img.jpg
The TPP Will Finish What Chile’s Dictatorship Started,"Sep 11, 2015",https://www.thenation.com/article/archive/the-tpp-will-finish-what-chiles-dictatorship-started/,https://www.thenation.com/wp-content/uploads/2015/09/chile_coup_73_ap_img.jpg
The Kissinger Effect,"Sep 10, 2015",https://www.thenation.com/article/archive/the-kissinger-effect/,https://www.thenation.com/wp-content/uploads/2015/09/nyer-kissingerV2-burke_img.jpg
What’s Happening in Guatemala?,"Sep 2, 2015",https://www.thenation.com/article/archive/whats-happening-in-guatemala/,https://www.thenation.com/wp-content/uploads/2015/09/guatemala_protests_president_rtr_img.jpg
Trumpismo From Boston to the Dominican Republic,"Aug 21, 2015",https://www.thenation.com/article/archive/trumpismo-from-boston-to-the-dominican-republic/,https://www.thenation.com/wp-content/uploads/2015/07/Donald_Trump_Make_America_Great_ap_img.jpg
Former Peace Corps Volunteers to John Kerry: Stop Sending Military Aid to the Dominican Republic,"Aug 12, 2015",https://www.thenation.com/article/archive/former-peace-corps-volunteers-to-john-kerry-stop-sending-military-aid-to-the-dominican-republic/,https://www.thenation.com/wp-content/uploads/2015/06/haitian_protest_rtr_img3.jpg
Narco-Terror Has Come to Mexico City,"Aug 6, 2015",https://www.thenation.com/article/archive/murders-in-mexico-city-are-solved-quickly-and-conveniently/,https://www.thenation.com/wp-content/uploads/2015/08/Mexico_journalist_murdered_Espinosa_ap_img.jpg
Leopoldo López Is Not Venezuela’s Savior,"Jul 29, 2015",https://www.thenation.com/article/archive/leopoldo-lopez-is-not-venezuelas-savior/,https://www.thenation.com/wp-content/uploads/2015/07/Caracas_Venezuela_protest_rtr_img.jpg
Are You Haitian?,"Jul 27, 2015",https://www.thenation.com/article/archive/are-you-haitian/,https://www.thenation.com/wp-content/uploads/2015/06/haitian_protest_rtr_img3.jpg
Rudy Giuliani Stands to Make a Lot of Money Off El Salvador’s Crime,"Jul 9, 2015",https://www.thenation.com/article/archive/rudy-giuliani-stands-to-make-a-lot-of-money-off-el-salvadors-crime/,https://www.thenation.com/wp-content/uploads/2015/07/gang_el_salvador_drug_war_ap_img.jpg
"What Was the Confederate Flag Doing in Cuba, Vietnam, and Iraq?","Jul 7, 2015",https://www.thenation.com/article/archive/what-was-the-confederate-flag-doing-in-cuba-vietnam-and-iraq/,https://www.thenation.com/wp-content/uploads/2015/07/Confederate_flag_WWII_cc_img.jpg
"Popular Protests Are Spreading Across Central America, and Washington Is Getting Nervous","Jul 7, 2015",https://www.thenation.com/article/archive/popular-protests-are-spreading-across-central-america-and-washington-is-getting-nervous/,https://www.thenation.com/wp-content/uploads/2015/07/Guatemala_AP_img.jpg
"Dilma Rousseff Was Tortured By a Regime Henry Kissinger Supported. This Week, They Met.","Jul 1, 2015",https://www.thenation.com/article/archive/dilma-rousseff-was-tortured-by-a-regime-henry-kissinger-supported-this-week-they-met/,https://www.thenation.com/wp-content/uploads/2015/07/Kissinger_henry_rtr_img.jpg
"Blackness as Being, Whiteness as Nothingness","Jun 23, 2015",https://www.thenation.com/article/archive/blackness-as-being-whiteness-as-nothingness/,https://www.thenation.com/wp-content/uploads/2015/06/rachel_dolezal_msnbc_sg_img.jpg
The Charleston Massacre and the Cunning of White Supremacy,"Jun 18, 2015",https://www.thenation.com/article/archive/the-charleston-massacre-and-the-cunning-of-white-supremacy/,https://www.thenation.com/wp-content/uploads/2015/06/Charleston_shooting_mourners_ap.jpg
Concentration Camps in the Dominican Republic?,"Jun 15, 2015",https://www.thenation.com/article/archive/concentration-camps-in-the-dominican-republic/,https://www.thenation.com/wp-content/uploads/2015/06/Haitian_protest_Dominican_Republic_rtr.jpg
We Regret to Inform You That in 4 Days You and Your Family Will Be Deported to Haiti,"Jun 12, 2015",https://www.thenation.com/article/archive/we-regret-to-inform-you-that-in-4-days-you-and-your-family-will-be-deported-to-haiti/,https://www.thenation.com/wp-content/uploads/2015/06/haitian_dominicans_rtr_img.jpg
"Who Said It, Henry Kissinger or…?","Jun 9, 2015",https://www.thenation.com/article/archive/who-said-it-henry-kissinger-or/,https://www.thenation.com/wp-content/uploads/2015/06/kissinger_1968_ap_img.jpg
"There’s a Vicious, Slow-Motion Pogrom Happening a Few Hundred Miles From the US","Jun 5, 2015",https://www.thenation.com/article/archive/theres-vicious-anti-black-pogrom-happening-few-hundred-miles-us/,https://www.thenation.com/wp-content/uploads/2015/06/dominican_haitians_rtr_img.jpg
Lessons From the Thinnest of Seymour Hersh’s Thinly Sourced Claims,"May 20, 2015",https://www.thenation.com/article/archive/lessons-thinnest-seymour-hershs-thinly-sourced-claims/,https://www.thenation.com/wp-content/uploads/2015/05/nixon_cambodia_img.jpg
It’s a Conspiracy! How to Discredit Seymour Hersh,"May 12, 2015",https://www.thenation.com/article/archive/its-conspiracy-how-discredit-seymour-hersh/,https://www.thenation.com/wp-content/uploads/2015/05/seymour_hersh_cc_img_0.jpg
Capitalism and Slavery,"May 1, 2015",https://www.thenation.com/article/archive/capitalism-and-slavery/,https://www.thenation.com/wp-content/uploads/2015/05/foner_slaverinthemodernworld_ba_img_2.jpg
Days of Rage in Baltimore and Mexico,"Apr 28, 2015",https://www.thenation.com/article/archive/days-rage-baltimore-and-mexico/,https://www.thenation.com/wp-content/uploads/2015/05/protest_mexico_chilpancingo_rtr_img.jpg
Happy Bloody Earth Day,"Apr 22, 2015",https://www.thenation.com/article/archive/happy-bloody-earth-day/,https://www.thenation.com/wp-content/uploads/2015/05/tambor_mine_protest_riot_police_rtr_img_0.jpg
Eduardo Galeano: A Prophet Who Looks Backward,"Apr 14, 2015",https://www.thenation.com/article/archive/eduardo-galeano-prophet-who-looks-backward/,https://www.thenation.com/wp-content/uploads/2015/05/eduardo_galeano_speaking_ap_img.jpg
US Soldiers and Contractors Accused of Sexually Abusing Children in Colombia Between 2003 and 2007,"Apr 7, 2015",https://www.thenation.com/article/world/us-soldiers-contractors-colombia/,https://www.thenation.com/wp-content/uploads/2015/05/colombia_military_chief_of_staff_img.jpg
Remembering Those Murdered At Oscar Romero’s Funeral,"Mar 25, 2015",https://www.thenation.com/article/archive/remembering-those-murdered-oscar-romeros-funeral/,https://www.thenation.com/wp-content/uploads/2015/05/oscar_romero_mural_cc_img.jpg
Is America Possible Without Empire?,"Mar 23, 2015",https://www.thenation.com/article/archive/encounter-william-appleman-williams-and-greg-grandin/,https://www.thenation.com/wp-content/uploads/2015/05/grandin_williams_empire_otu_img.jpg
"Rand Paul, Vaccinations and the (Not So) Secret History of White Supremacy","Mar 12, 2015",https://www.thenation.com/article/archive/rand-paul-vaccinations-and-not-so-secret-history-white-supremacy/,https://www.thenation.com/wp-content/uploads/2015/05/rand_paul_win_ap_img_3.jpg
Is Venezuela Really an ‘Extraordinary Threat’ to the United States?,"Mar 10, 2015",https://www.thenation.com/article/archive/us-preparing-start-sanctions-against-venezuela/,https://www.thenation.com/wp-content/uploads/2015/05/obama_above_hand_ap_img_3.jpg
What Is Happening in Venezuela?,"Mar 2, 2015",https://www.thenation.com/article/archive/what-happening-venezuela/,https://www.thenation.com/wp-content/uploads/2015/05/caracas_venezuela_protest_rtr_img.jpg
What Bill O’Reilly Really Did in El Salvador Was Worse Than Lying,"Feb 27, 2015",https://www.thenation.com/article/archive/what-bill-oreilly-really-did-el-salvador-was-worse-lying/,https://www.thenation.com/wp-content/uploads/2015/04/bill_oreilly_el_salvador_sg_img_0.jpg
"Taxes, Schools, Voting Rights and Abortion: Chile Shows the Way","Feb 23, 2015",https://www.thenation.com/article/archive/taxes-schools-voting-rights-and-abortion-chile-shows-way/,https://www.thenation.com/wp-content/uploads/2015/04/bachelet_supporters_ap_img_0.jpg
David Corn Versus Bill O’Reilly: Bread and Circuses,"Feb 20, 2015",https://www.thenation.com/article/archive/david-corn-versus-bill-oreilly-bread-and-circuses/,https://www.thenation.com/wp-content/uploads/2015/04/bill_oreilly_ap_img.jpg
Did Bill O’Reilly Cover Up a War Crime in El Salvador?,"Feb 9, 2015",https://www.thenation.com/article/archive/did-bill-oreilly-cover-war-crime-el-salvador/,https://www.thenation.com/wp-content/uploads/2015/04/grandin42577_mp4.png
Pope Francis Declares Oscar Romero a Martyr for the Faith—but Whose Faith?,"Feb 4, 2015",https://www.thenation.com/article/archive/pope-francis-declares-oscar-romero-martyr-faith-whose-faith/,https://www.thenation.com/wp-content/uploads/2015/04/oscar_romer_el_salvador_cc_img.jpg
How Did Argentina’s Alberto Nisman Really Die?,"Feb 3, 2015",https://www.thenation.com/article/archive/black-bag-baroque-death-argentina/,https://www.thenation.com/wp-content/uploads/2015/04/buenos_aires_argentina_march_img.jpg
"‘Get Out of Here, You Low Life Scum’: John McCain Yells at Protesters to Get Off His Lawn","Jan 29, 2015",https://www.thenation.com/article/archive/get-out-here-you-low-life-scum-john-mccain-yells-protesters-get-his-lawn/,https://www.thenation.com/wp-content/uploads/2015/04/uglymccain_rtr_img.jpg
What’s the Difference Between Cubans and Haitians? Ask Marco Rubio,"Jan 28, 2015",https://www.thenation.com/article/archive/whats-difference-between-cubans-and-haitians-ask-marco-rubio/,https://www.thenation.com/wp-content/uploads/2015/04/rubio_vp_rtr_img.jpg
José Martí on the Great New York Snowstorm of 1888,"Jan 27, 2015",https://www.thenation.com/article/archive/jose-marti-great-new-york-snowstorm-1888/,https://www.thenation.com/wp-content/uploads/2015/04/blizzard_1888_img.jpg
Rigoberta Menchú Vindicated,"Jan 21, 2015",https://www.thenation.com/article/archive/rigoberta-menchu-vindicated/,https://www.thenation.com/wp-content/uploads/2015/04/rigoberta_menchu_cc_img.jpg
Haiti: There’s Nothing Wrong With American Imperialism That Can’t Be Solved With What Is Right About American Imperialism,"Jan 15, 2015",https://www.thenation.com/article/archive/haiti-theres-nothing-wrong-american-imperialism-cant-be-solved-what-right-about-american/,https://www.thenation.com/wp-content/uploads/2015/04/haiti_camp_rtr_img.jpg
Rewriting George Packer as if Mexican Lives Mattered,"Jan 11, 2015",https://www.thenation.com/article/archive/rewriting-george-packer-if-mexican-lives-mattered/,https://www.thenation.com/wp-content/uploads/2015/04/ayotzinapa_43_children_ap_img.jpg
‘Nothing Was an Accident That Night’: Mexican Federal Police Implicated in the Disappearance of the 43,"Jan 5, 2015",https://www.thenation.com/article/archive/nothing-was-accident-night-mexican-federal-police-implicated-disappearance-43/,https://www.thenation.com/wp-content/uploads/2015/04/mexico_president_enrique_pena_nieto_ap_img.jpg
How the US Created a ‘Little Hiroshima’ in Central America,"Dec 22, 2014",https://www.thenation.com/article/archive/how-us-created-little-hiroshima-central-america/,https://www.thenation.com/wp-content/uploads/2015/03/panama_operation_just_cause_1989_cc_img.jpg
How to Survive a Cop Coup: What Bill de Blasio Can Learn From Ecuador,"Dec 21, 2014",https://www.thenation.com/article/archive/how-survive-cop-coup-what-bill-de-blasio-can-learn-ecuador/,https://www.thenation.com/wp-content/uploads/2015/04/rafael_correa_ap_img_0.jpg
Did Barack Obama Just Win Florida for the 2016 Democratic Nominee?,"Dec 17, 2014",https://www.thenation.com/article/archive/did-barack-obama-just-win-florida-2016-democratic-nominee/,https://www.thenation.com/wp-content/uploads/2015/04/cuba_usa_flags_ap_img_1.jpg
Secrecy and Spectacle: Why Only Americans Are Worthy of Being Called ‘Torturable’,"Dec 17, 2014",https://www.thenation.com/article/archive/secrecy-and-spectacle-why-only-americans-are-worthy-being-called-torturable/,https://www.thenation.com/wp-content/uploads/2015/04/cheneyflees_ap_img_4.jpg
Misery Made Me a Fiend: Latin America and the Torture Report,"Dec 11, 2014",https://www.thenation.com/article/archive/misery-made-me-fiend-latin-america-and-torture-report/,https://www.thenation.com/wp-content/uploads/2015/04/stoptorture_rtr_img_0.jpg
Death to ‘The New Republic’! Long Live the New ‘New Republic’!,"Dec 8, 2014",https://www.thenation.com/article/archive/death-new-republic-long-live-new-new-republic/,https://www.thenation.com/wp-content/uploads/2015/04/chris_hughes_facebook_rtr_img.jpg
The Case for Reparations (to Undocumented Workers),"Dec 1, 2014",https://www.thenation.com/article/archive/case-reparations-undocumented-workers/,https://www.thenation.com/wp-content/uploads/2015/04/day_laborer_ap_img_2.jpg
This Mass Grave Isn’t the Mass Grave You Have Been Looking For,"Nov 17, 2014",https://www.thenation.com/article/archive/mass-grave-isnt-mass-grave-you-have-been-looking/,https://www.thenation.com/wp-content/uploads/2015/04/mexico_protests_missing_students_ap_img.jpg
"Never Mind ISIS, It’s ISDS That’s the Real Threat","Nov 11, 2014",https://www.thenation.com/article/archive/never-mind-isis-its-isds-thats-real-threat/,https://www.thenation.com/wp-content/uploads/2015/04/transpacific_rtr_img_0.jpg
Racism Drove the Backlash Against Gary Webb,"Nov 7, 2014",https://www.thenation.com/article/archive/racism-drove-backlash-against-gary-webb/,https://www.thenation.com/wp-content/uploads/2015/04/washingtonpost_ap_img_3.jpg
Interview With Noam Chomsky on the Crisis in Central America and Mexico,"Oct 31, 2014",https://www.thenation.com/article/archive/interview-noam-chomsky-crisis-central-america-and-mexico/,https://www.thenation.com/wp-content/uploads/2015/04/noam_chomsky_cc_img.jpg
Why the Left Continues to Win in Latin America,"Oct 27, 2014",https://www.thenation.com/article/archive/why-left-continues-win-latin-america/,https://www.thenation.com/wp-content/uploads/2015/04/brazil_elections_dilma_rousseff_img_rtr.jpg
The Anti-Socialist Origins of Big Data,"Oct 23, 2014",https://www.thenation.com/article/archive/anti-socialist-origins-big-data/,https://www.thenation.com/wp-content/uploads/2015/04/server_room_ss_img.png
"Venezuela at the UN, Washington At Bay","Oct 20, 2014",https://www.thenation.com/article/archive/venezuela-un-washington-bay/,https://www.thenation.com/wp-content/uploads/2015/04/samantha_power_cc_img.jpg
Cuba’s Sending Doctors to Fight Ebola in West Africa—How Will the US React?,"Oct 15, 2014",https://www.thenation.com/article/archive/cubas-sending-doctors-fight-ebola-west-africa-how-will-us-react/,https://www.thenation.com/wp-content/uploads/2015/04/ebola_liberia_body_rtr.img__2.jpg
‘The New York Times’ Wants Gary Webb to Stay Dead,"Oct 10, 2014",https://www.thenation.com/article/archive/new-york-times-wants-gary-webb-stay-dead/,https://www.thenation.com/wp-content/uploads/2015/04/nytimes_building_ap_img_4.jpg
Why Brazil’s Elections Matter,"Oct 6, 2014",https://www.thenation.com/article/archive/why-brazils-elections-matter/,https://www.thenation.com/wp-content/uploads/2015/04/marina_silva_img_ap.jpg
‘The Economist’ Has a Slavery Problem,"Sep 9, 2014",https://www.thenation.com/article/archive/economist-has-slavery-problem/,https://www.thenation.com/wp-content/uploads/2015/03/slavery_shackles_ap_img.jpg
"Gabriel García Márquez—a Rebel Against Form, an Artist Against the Forces of Oblivion","Apr 21, 2014",https://www.thenation.com/article/archive/gabriel-garcia-marquez-rebel-against-form-artist-against-forces-oblivion/,https://www.thenation.com/wp-content/uploads/2015/03/garcia_marquez_ap_img_0.jpg
How Slavery Made the Modern World,"Feb 24, 2014",https://www.thenation.com/article/archive/how-slavery-made-modern-world/,https://www.thenation.com/wp-content/uploads/2015/03/shackles_ap_img.jpg
The Two Faces of Empire,"Jan 27, 2014",https://www.thenation.com/article/archive/two-faces-empire/,https://www.thenation.com/wp-content/uploads/2015/03/herman_melville_profile_cc_img.jpg
Reading Melville in Post-9/11 America,"Jan 7, 2014",https://www.thenation.com/article/archive/reading-melville-post-911-america/,https://www.thenation.com/wp-content/uploads/2015/03/woodruff_1939_mutiny_otu_img.jpg
History’s Sinkhole,"Oct 22, 2013",https://www.thenation.com/article/archive/historys-sinkhole/,https://www.thenation.com/wp-content/uploads/2015/03/grandin_historyssinkhole_img_0.jpg
The Winner of Venezuela’s Election to Succeed Hugo Chávez Is Hugo Chávez,"Apr 16, 2013",https://www.thenation.com/article/archive/winner-venezuelas-election-succeed-hugo-chavez-hugo-chavez/,https://www.thenation.com/wp-content/uploads/2015/03/nicolas_maduro_rtr_fb.jpg
The Audacity of Hugo,"Mar 12, 2013",https://www.thenation.com/article/archive/audacity-hugo/,https://www.thenation.com/wp-content/uploads/2015/03/chavez_sign_rtr_fb_0.jpg
On the Legacy of Hugo Chávez,"Mar 6, 2013",https://www.thenation.com/article/archive/legacy-hugo-chavez/,https://www.thenation.com/wp-content/uploads/2015/03/chavez_sign_rtr_fb.jpg
Why Latin America Didn’t Join Washington’s Counterterrorism Posse,"Feb 19, 2013",https://www.thenation.com/article/archive/why-latin-america-didnt-join-washingtons-counterterrorism-posse/,https://www.thenation.com/wp-content/uploads/2015/03/Gitmo_AP_fb_0.jpg
"With Ollanta Humala’s Win, Peru Joins Latin America’s Left Turn","Jun 7, 2011",https://www.thenation.com/article/archive/ollanta-humalas-win-peru-joins-latin-americas-left-turn/,https://www.thenation.com/wp-content/uploads/2015/04/ollanta_humala_ap_hp.jpg
It Was Heaven That They Burned,"Sep 8, 2010",https://www.thenation.com/article/archive/it-was-heaven-they-burned/,https://www.thenation.com/wp-content/uploads/2015/03/grandin_hp.jpg
The Game Change,"Jul 29, 2010",https://www.thenation.com/article/archive/game-change/,https://www.thenation.com/wp-content/uploads/2015/03/immigr_protest_az_ap_hp_0.jpg
